{"cameraMode":{"drawMode":0,"name":"Shaded","section":"Shading Mode"},"sceneLighting":true,"audioPlay":false,"sceneViewState":{"m_AlwaysRefresh":false,"showFog":true,"showSkybox":false,"showFlares":true,"showImageEffects":true,"showParticleSystems":true,"showVisualEffectGraphs":true,"m_FxEnabled":true},"in2DMode":false,"pivot":{"x":-0.9828999638557434,"y":-79.18170166015625,"z":32.37699890136719},"rotation":{"x":0.023686613887548448,"y":0.011110285297036171,"z":0.00023633231467101723,"w":-0.9996883273124695},"size":1.2124342918395997,"orthographic":false}