{"cameraMode":{"drawMode":0,"name":"Shaded","section":"Shading Mode"},"sceneLighting":true,"audioPlay":false,"sceneViewState":{"m_AlwaysRefresh":false,"showFog":true,"showSkybox":false,"showFlares":true,"showImageEffects":true,"showParticleSystems":true,"showVisualEffectGraphs":true,"m_FxEnabled":true},"in2DMode":false,"pivot":{"x":-104.67997741699219,"y":160.06417846679688,"z":670.2481689453125},"rotation":{"x":0.02757854387164116,"y":0.7724334597587586,"z":-0.033624354749917987,"w":0.6336306929588318},"size":71.36882019042969,"orthographic":true}